
INSERT INTO esdb.DEPARTAMENTO (idDEPARTAMENTO, nome)
VALUES (1,'Computação');
INSERT INTO esdb.DEPARTAMENTO (idDEPARTAMENTO, nome)
VALUES (2,'Direito');
INSERT INTO esdb.DEPARTAMENTO (idDEPARTAMENTO, nome)
VALUES (3,'Estatística');
INSERT INTO esdb.DEPARTAMENTO (idDEPARTAMENTO, nome)
VALUES (4,'Economia');
INSERT INTO esdb.DEPARTAMENTO (idDEPARTAMENTO, nome)
VALUES (5,'Psicologia');
INSERT INTO esdb.DEPARTAMENTO (idDEPARTAMENTO, nome)
VALUES (6,'Filosofia');
INSERT INTO esdb.DEPARTAMENTO (idDEPARTAMENTO, nome)
VALUES (7,'Sociologia');
INSERT INTO esdb.DEPARTAMENTO (idDEPARTAMENTO, nome)
VALUES (8,'Saúde');
INSERT INTO esdb.DEPARTAMENTO (idDEPARTAMENTO, nome)
VALUES (9,'Educação');
INSERT INTO esdb.DEPARTAMENTO (idDEPARTAMENTO, nome)
VALUES (10,'Matemática');

INSERT INTO esdb.INSTITUICAO (idINSTITUICAO, nome, estado, n_campi, ano_fund)
VALUES (1,'Universidade de Brasília', 'DF', '4', '1962');
INSERT INTO esdb.INSTITUICAO (idINSTITUICAO, nome, estado, n_campi, ano_fund)
VALUES (2,'Universidade Federal do Goiás', 'GO', '6', '2005');
INSERT INTO esdb.INSTITUICAO (idINSTITUICAO, nome, estado, n_campi, ano_fund)
VALUES (3,'Universidade Federal de Mato Grosso', 'MT', '6', '1970');
INSERT INTO esdb.INSTITUICAO (idINSTITUICAO, nome, estado, n_campi, ano_fund)
VALUES (4,'Universidade Federal de Mato Grosso do Sul', 'MS', '3', '1979');
INSERT INTO esdb.INSTITUICAO (idINSTITUICAO, nome, estado, n_campi, ano_fund)
VALUES (5,'Universidade Federal da Bahia', 'BH', '3', '1946');
INSERT INTO esdb.INSTITUICAO (idINSTITUICAO, nome, estado, n_campi, ano_fund)
VALUES (6,'Universidade Federal de Alagoas', 'AL', '2', '1970');
INSERT INTO esdb.INSTITUICAO (idINSTITUICAO, nome, estado, n_campi, ano_fund)
VALUES (7,'Universidade Federal Da Paraíba', 'PB', '5', '1955');
INSERT INTO esdb.INSTITUICAO (idINSTITUICAO, nome, estado, n_campi, ano_fund)
VALUES (8,'Universidade Federal de Pernambuco', 'PE', '6', '1947');
INSERT INTO esdb.INSTITUICAO (idINSTITUICAO, nome, estado, n_campi, ano_fund)
VALUES (9,'Universidade Federal do Rio Grande do Norte', 'RN', '6', '1958');

INSERT INTO esdb.DISCIPLINA(idDISCIPLINA, nome, creditos)
VALUES (1,'Algotitmos', '4');
INSERT INTO esdb.DISCIPLINA(idDISCIPLINA, nome, creditos)
VALUES (2,'Banco de Dados', '4');
INSERT INTO esdb.DISCIPLINA(idDISCIPLINA, nome, creditos)
VALUES (3,'Cálculo 1', '6');
INSERT INTO esdb.DISCIPLINA(idDISCIPLINA, nome, creditos)
VALUES (4,'Circuitos Digitais', '6');
INSERT INTO esdb.DISCIPLINA(idDISCIPLINA, nome, creditos)
VALUES (5,'Cálculo 2', '6');
INSERT INTO esdb.DISCIPLINA(idDISCIPLINA, nome, creditos)
VALUES (6,'Inteligência Artificial', '4');

INSERT INTO esdb.DISCIPLINA(idDISCIPLINA, nome, creditos)
VALUES (7,'Direto Comercial 1', '4');
INSERT INTO esdb.DISCIPLINA(idDISCIPLINA, nome, creditos)
VALUES (8,'Direto Comercial 2', '4');
INSERT INTO esdb.DISCIPLINA(idDISCIPLINA, nome, creditos)
VALUES (9,'Direto Ambiental 1', '4');
INSERT INTO esdb.DISCIPLINA(idDISCIPLINA, nome, creditos)
VALUES (10,'Direto Comercial 2', '4');
INSERT INTO esdb.DISCIPLINA(idDISCIPLINA, nome, creditos)
VALUES (11,'Psicodrama', '4');
INSERT INTO esdb.DISCIPLINA(idDISCIPLINA, nome, creditos)
VALUES (12,'Psicologia da Saude', '4');
INSERT INTO esdb.DISCIPLINA(idDISCIPLINA, nome, creditos)
VALUES (13,'Etica Profissional', '4');
INSERT INTO esdb.DISCIPLINA(idDISCIPLINA, nome, creditos)
VALUES (14,'Introdução a Sociologia', '4');
INSERT INTO esdb.DISCIPLINA(idDISCIPLINA, nome, creditos)
VALUES (15,'Lógica Filosofica', '4');
INSERT INTO esdb.DISCIPLINA(idDISCIPLINA, nome, creditos)
VALUES (16,'Ética Filosofica', '4');
INSERT INTO esdb.DISCIPLINA(idDISCIPLINA, nome, creditos)
VALUES (17,'Monografia Filosofica', '6');
INSERT INTO esdb.DISCIPLINA(idDISCIPLINA, nome, creditos)
VALUES (18,'Introducao a Sociologia', '4');
INSERT INTO esdb.DISCIPLINA(idDISCIPLINA, nome, creditos)
VALUES (19,'Sociologia 1', '4');
INSERT INTO esdb.DISCIPLINA(idDISCIPLINA, nome, creditos)
VALUES (20,'Sociologia 2', '4');
INSERT INTO esdb.DISCIPLINA(idDISCIPLINA, nome, creditos)
VALUES (21,'Educação 1', '4');
INSERT INTO esdb.DISCIPLINA(idDISCIPLINA, nome, creditos)
VALUES (22,'Educação 2 1', '4');
INSERT INTO esdb.DISCIPLINA(idDISCIPLINA, nome, creditos)
VALUES (23,'Educação 3', '4');
INSERT INTO esdb.DISCIPLINA(idDISCIPLINA, nome, creditos)
VALUES (24,'Algebra 1', '4');
INSERT INTO esdb.DISCIPLINA(idDISCIPLINA, nome, creditos)
VALUES (25,'Algebra 2', '4');
INSERT INTO esdb.DISCIPLINA(idDISCIPLINA, nome, creditos)
VALUES (26,'Cálculo 3', '6');
INSERT INTO esdb.DISCIPLINA(idDISCIPLINA, nome, creditos)
VALUES (27,'Anotomia 1', '4');
INSERT INTO esdb.DISCIPLINA(idDISCIPLINA, nome, creditos)
VALUES (28,'Anotomia 2', '4');
INSERT INTO esdb.DISCIPLINA(idDISCIPLINA, nome, creditos)
VALUES (29,'Consulta 1', '4');
INSERT INTO esdb.DISCIPLINA(idDISCIPLINA, nome, creditos)
VALUES (30,'Estatistica', '4');
INSERT INTO esdb.DISCIPLINA(idDISCIPLINA, nome, creditos)
VALUES (32,'Estatitisca 1', '4');
INSERT INTO esdb.DISCIPLINA(idDISCIPLINA, nome, creditos)
VALUES (33,'Probabilidade', '4');

INSERT INTO esdb.CURSO(idCURSO, nome, area, total_cred, duracao, num_vagas_sem, DEPARTAMENTO_idDEPARTAMENTO)
VALUES (1,'Ciência da Computação', 'Exatas', 214, 5, 40, 1);
INSERT INTO esdb.CURSO(idCURSO, nome, area, total_cred, duracao, num_vagas_sem, DEPARTAMENTO_idDEPARTAMENTO)
VALUES (2,'Engenharia da Computação', 'Exatas', 254, 5, 40, 1);
INSERT INTO esdb.CURSO(idCURSO, nome, area, total_cred, duracao, num_vagas_sem, DEPARTAMENTO_idDEPARTAMENTO)
VALUES (3,'Direito', 'Humanas', 214, 5, 40, 2);
INSERT INTO esdb.CURSO(idCURSO, nome, area, total_cred, duracao, num_vagas_sem, DEPARTAMENTO_idDEPARTAMENTO)
VALUES (4,'Medicina', 'Saúde', 260, 7, 40, 8);
INSERT INTO esdb.CURSO(idCURSO, nome, area, total_cred, duracao, num_vagas_sem, DEPARTAMENTO_idDEPARTAMENTO)
VALUES (5,'Sociologia', 'Humanas', 150, 4, 40, 7);
INSERT INTO esdb.CURSO(idCURSO, nome, area, total_cred, duracao, num_vagas_sem, DEPARTAMENTO_idDEPARTAMENTO)
VALUES (6,'Estatitísca', 'Exatas', 150, 4, 40, 3);
INSERT INTO esdb.CURSO(idCURSO, nome, area, total_cred, duracao, num_vagas_sem, DEPARTAMENTO_idDEPARTAMENTO)
VALUES (7,'Psicologia', 'Saúde', 265, 5, 40, 8);
INSERT INTO esdb.CURSO(idCURSO, nome, area, total_cred, duracao, num_vagas_sem, DEPARTAMENTO_idDEPARTAMENTO)
VALUES (8,'Filosofia', 'Humanas', 114, 4, 40, 6);
INSERT INTO esdb.CURSO(idCURSO, nome, area, total_cred, duracao, num_vagas_sem, DEPARTAMENTO_idDEPARTAMENTO)
VALUES (9,'Pedagogia', 'Educação', 210, 4, 40, 9);
INSERT INTO esdb.CURSO(idCURSO, nome, area, total_cred, duracao, num_vagas_sem, DEPARTAMENTO_idDEPARTAMENTO)
VALUES (10,'Matemática', 'Exatas', 190, 5, 40, 10);

INSERT INTO esdb.AVALIACAO (idAVALIACAO, nota, CURSO_idCURSO)
VALUES (1, 8, 1);
INSERT INTO esdb.AVALIACAO (idAVALIACAO, nota, CURSO_idCURSO)
VALUES (2, 6, 3);
INSERT INTO esdb.AVALIACAO (idAVALIACAO, nota, CURSO_idCURSO)
VALUES (3, 7, 7);
INSERT INTO esdb.AVALIACAO (idAVALIACAO, nota, CURSO_idCURSO)
VALUES (4, 8, 4);
INSERT INTO esdb.AVALIACAO (idAVALIACAO, nota, CURSO_idCURSO)
VALUES (5, 9, 2);
INSERT INTO esdb.AVALIACAO (idAVALIACAO, nota, CURSO_idCURSO)
VALUES (6, 5, 3);
INSERT INTO esdb.AVALIACAO (idAVALIACAO, nota, CURSO_idCURSO)
VALUES (7, 3, 8);
INSERT INTO esdb.AVALIACAO (idAVALIACAO, nota, CURSO_idCURSO)
VALUES (8, 8, 9);
INSERT INTO esdb.AVALIACAO (idAVALIACAO, nota, CURSO_idCURSO)
VALUES (9, 7, 10);
INSERT INTO esdb.AVALIACAO (idAVALIACAO, nota, CURSO_idCURSO)
VALUES (10, 8, 6);


INSERT INTO esdb.CURSO_has_DISCIPLINA (CURSO_idCURSO, DISCIPLINA_idDISCIPLINA)
VALUES (1, 1);
INSERT INTO esdb.CURSO_has_DISCIPLINA (CURSO_idCURSO, DISCIPLINA_idDISCIPLINA)
VALUES (1, 2);
INSERT INTO esdb.CURSO_has_DISCIPLINA (CURSO_idCURSO, DISCIPLINA_idDISCIPLINA)
VALUES (1, 3);
INSERT INTO esdb.CURSO_has_DISCIPLINA (CURSO_idCURSO, DISCIPLINA_idDISCIPLINA)
VALUES (1, 4);
INSERT INTO esdb.CURSO_has_DISCIPLINA (CURSO_idCURSO, DISCIPLINA_idDISCIPLINA)
VALUES (2, 1);
INSERT INTO esdb.CURSO_has_DISCIPLINA (CURSO_idCURSO, DISCIPLINA_idDISCIPLINA)
VALUES (2, 2);
INSERT INTO esdb.CURSO_has_DISCIPLINA (CURSO_idCURSO, DISCIPLINA_idDISCIPLINA)
VALUES (2, 4);
INSERT INTO esdb.CURSO_has_DISCIPLINA (CURSO_idCURSO, DISCIPLINA_idDISCIPLINA)
VALUES (2, 6);
INSERT INTO esdb.CURSO_has_DISCIPLINA (CURSO_idCURSO, DISCIPLINA_idDISCIPLINA)
VALUES (3, 7);
INSERT INTO esdb.CURSO_has_DISCIPLINA (CURSO_idCURSO, DISCIPLINA_idDISCIPLINA)
VALUES (3, 9);
INSERT INTO esdb.CURSO_has_DISCIPLINA (CURSO_idCURSO, DISCIPLINA_idDISCIPLINA)
VALUES (3, 10);
INSERT INTO esdb.CURSO_has_DISCIPLINA (CURSO_idCURSO, DISCIPLINA_idDISCIPLINA)
VALUES (4, 27);
INSERT INTO esdb.CURSO_has_DISCIPLINA (CURSO_idCURSO, DISCIPLINA_idDISCIPLINA)
VALUES (4, 28);
INSERT INTO esdb.CURSO_has_DISCIPLINA (CURSO_idCURSO, DISCIPLINA_idDISCIPLINA)
VALUES (4, 29);
INSERT INTO esdb.CURSO_has_DISCIPLINA (CURSO_idCURSO, DISCIPLINA_idDISCIPLINA)
VALUES (5, 18);
INSERT INTO esdb.CURSO_has_DISCIPLINA (CURSO_idCURSO, DISCIPLINA_idDISCIPLINA)
VALUES (5, 19);
INSERT INTO esdb.CURSO_has_DISCIPLINA (CURSO_idCURSO, DISCIPLINA_idDISCIPLINA)
VALUES (5, 20);
INSERT INTO esdb.CURSO_has_DISCIPLINA (CURSO_idCURSO, DISCIPLINA_idDISCIPLINA)
VALUES (6, 30);
INSERT INTO esdb.CURSO_has_DISCIPLINA (CURSO_idCURSO, DISCIPLINA_idDISCIPLINA)
VALUES (6, 32);
INSERT INTO esdb.CURSO_has_DISCIPLINA (CURSO_idCURSO, DISCIPLINA_idDISCIPLINA)
VALUES (6, 33);
INSERT INTO esdb.CURSO_has_DISCIPLINA (CURSO_idCURSO, DISCIPLINA_idDISCIPLINA)
VALUES (7, 11);
INSERT INTO esdb.CURSO_has_DISCIPLINA (CURSO_idCURSO, DISCIPLINA_idDISCIPLINA)
VALUES (7, 12);
INSERT INTO esdb.CURSO_has_DISCIPLINA (CURSO_idCURSO, DISCIPLINA_idDISCIPLINA)
VALUES (7, 14);
INSERT INTO esdb.CURSO_has_DISCIPLINA (CURSO_idCURSO, DISCIPLINA_idDISCIPLINA)
VALUES (8, 15);
INSERT INTO esdb.CURSO_has_DISCIPLINA (CURSO_idCURSO, DISCIPLINA_idDISCIPLINA)
VALUES (8, 16);
INSERT INTO esdb.CURSO_has_DISCIPLINA (CURSO_idCURSO, DISCIPLINA_idDISCIPLINA)
VALUES (8, 17);
INSERT INTO esdb.CURSO_has_DISCIPLINA (CURSO_idCURSO, DISCIPLINA_idDISCIPLINA)
VALUES (9, 21);
INSERT INTO esdb.CURSO_has_DISCIPLINA (CURSO_idCURSO, DISCIPLINA_idDISCIPLINA)
VALUES (9, 22);
INSERT INTO esdb.CURSO_has_DISCIPLINA (CURSO_idCURSO, DISCIPLINA_idDISCIPLINA)
VALUES (9, 23);
INSERT INTO esdb.CURSO_has_DISCIPLINA (CURSO_idCURSO, DISCIPLINA_idDISCIPLINA)
VALUES (10, 24);
INSERT INTO esdb.CURSO_has_DISCIPLINA (CURSO_idCURSO, DISCIPLINA_idDISCIPLINA)
VALUES (10, 25);
INSERT INTO esdb.CURSO_has_DISCIPLINA (CURSO_idCURSO, DISCIPLINA_idDISCIPLINA)
VALUES (10, 26);

INSERT INTO esdb.INSTITUICAO_has_CURSO (INSTITUICAO_idINSTITUICAO, CURSO_idCURSO)
VALUES (1, 1);
INSERT INTO esdb.INSTITUICAO_has_CURSO (INSTITUICAO_idINSTITUICAO, CURSO_idCURSO)
VALUES (1, 2);
INSERT INTO esdb.INSTITUICAO_has_CURSO (INSTITUICAO_idINSTITUICAO, CURSO_idCURSO)
VALUES (1, 3);
INSERT INTO esdb.INSTITUICAO_has_CURSO (INSTITUICAO_idINSTITUICAO, CURSO_idCURSO)
VALUES (1, 4);
INSERT INTO esdb.INSTITUICAO_has_CURSO (INSTITUICAO_idINSTITUICAO, CURSO_idCURSO)
VALUES (1, 5);
INSERT INTO esdb.INSTITUICAO_has_CURSO (INSTITUICAO_idINSTITUICAO, CURSO_idCURSO)
VALUES (1, 6);
INSERT INTO esdb.INSTITUICAO_has_CURSO (INSTITUICAO_idINSTITUICAO, CURSO_idCURSO)
VALUES (1, 7);
INSERT INTO esdb.INSTITUICAO_has_CURSO (INSTITUICAO_idINSTITUICAO, CURSO_idCURSO)
VALUES (1, 8);
INSERT INTO esdb.INSTITUICAO_has_CURSO (INSTITUICAO_idINSTITUICAO, CURSO_idCURSO)
VALUES (1, 9);
INSERT INTO esdb.INSTITUICAO_has_CURSO (INSTITUICAO_idINSTITUICAO, CURSO_idCURSO)
VALUES (1, 10);
INSERT INTO esdb.INSTITUICAO_has_CURSO (INSTITUICAO_idINSTITUICAO, CURSO_idCURSO)
VALUES (2, 1);
INSERT INTO esdb.INSTITUICAO_has_CURSO (INSTITUICAO_idINSTITUICAO, CURSO_idCURSO)
VALUES (2, 2);
INSERT INTO esdb.INSTITUICAO_has_CURSO (INSTITUICAO_idINSTITUICAO, CURSO_idCURSO)
VALUES (2, 3);
INSERT INTO esdb.INSTITUICAO_has_CURSO (INSTITUICAO_idINSTITUICAO, CURSO_idCURSO)
VALUES (2, 4);
INSERT INTO esdb.INSTITUICAO_has_CURSO (INSTITUICAO_idINSTITUICAO, CURSO_idCURSO)
VALUES (2, 5);
INSERT INTO esdb.INSTITUICAO_has_CURSO (INSTITUICAO_idINSTITUICAO, CURSO_idCURSO)
VALUES (2, 6);
INSERT INTO esdb.INSTITUICAO_has_CURSO (INSTITUICAO_idINSTITUICAO, CURSO_idCURSO)
VALUES (2, 7);
INSERT INTO esdb.INSTITUICAO_has_CURSO (INSTITUICAO_idINSTITUICAO, CURSO_idCURSO)
VALUES (2, 8);
INSERT INTO esdb.INSTITUICAO_has_CURSO (INSTITUICAO_idINSTITUICAO, CURSO_idCURSO)
VALUES (2, 9);
INSERT INTO esdb.INSTITUICAO_has_CURSO (INSTITUICAO_idINSTITUICAO, CURSO_idCURSO)
VALUES (2, 10);INSERT INTO esdb.INSTITUICAO_has_CURSO (INSTITUICAO_idINSTITUICAO, CURSO_idCURSO)
VALUES (3, 1);
INSERT INTO esdb.INSTITUICAO_has_CURSO (INSTITUICAO_idINSTITUICAO, CURSO_idCURSO)
VALUES (3, 2);
INSERT INTO esdb.INSTITUICAO_has_CURSO (INSTITUICAO_idINSTITUICAO, CURSO_idCURSO)
VALUES (3, 3);
INSERT INTO esdb.INSTITUICAO_has_CURSO (INSTITUICAO_idINSTITUICAO, CURSO_idCURSO)
VALUES (3, 4);
INSERT INTO esdb.INSTITUICAO_has_CURSO (INSTITUICAO_idINSTITUICAO, CURSO_idCURSO)
VALUES (3, 5);
INSERT INTO esdb.INSTITUICAO_has_CURSO (INSTITUICAO_idINSTITUICAO, CURSO_idCURSO)
VALUES (4, 6);
INSERT INTO esdb.INSTITUICAO_has_CURSO (INSTITUICAO_idINSTITUICAO, CURSO_idCURSO)
VALUES (4, 7);
INSERT INTO esdb.INSTITUICAO_has_CURSO (INSTITUICAO_idINSTITUICAO, CURSO_idCURSO)
VALUES (4, 8);
INSERT INTO esdb.INSTITUICAO_has_CURSO (INSTITUICAO_idINSTITUICAO, CURSO_idCURSO)
VALUES (4, 9);
INSERT INTO esdb.INSTITUICAO_has_CURSO (INSTITUICAO_idINSTITUICAO, CURSO_idCURSO)
VALUES (4, 10);
INSERT INTO esdb.INSTITUICAO_has_CURSO (INSTITUICAO_idINSTITUICAO, CURSO_idCURSO)
VALUES (5, 1);
INSERT INTO esdb.INSTITUICAO_has_CURSO (INSTITUICAO_idINSTITUICAO, CURSO_idCURSO)
VALUES (5, 2);
INSERT INTO esdb.INSTITUICAO_has_CURSO (INSTITUICAO_idINSTITUICAO, CURSO_idCURSO)
VALUES (5, 3);
INSERT INTO esdb.INSTITUICAO_has_CURSO (INSTITUICAO_idINSTITUICAO, CURSO_idCURSO)
VALUES (5, 4);
INSERT INTO esdb.INSTITUICAO_has_CURSO (INSTITUICAO_idINSTITUICAO, CURSO_idCURSO)
VALUES (5, 5);
INSERT INTO esdb.INSTITUICAO_has_CURSO (INSTITUICAO_idINSTITUICAO, CURSO_idCURSO)
VALUES (6, 6);
INSERT INTO esdb.INSTITUICAO_has_CURSO (INSTITUICAO_idINSTITUICAO, CURSO_idCURSO)
VALUES (6, 7);
INSERT INTO esdb.INSTITUICAO_has_CURSO (INSTITUICAO_idINSTITUICAO, CURSO_idCURSO)
VALUES (6, 8);
INSERT INTO esdb.INSTITUICAO_has_CURSO (INSTITUICAO_idINSTITUICAO, CURSO_idCURSO)
VALUES (6, 9);
INSERT INTO esdb.INSTITUICAO_has_CURSO (INSTITUICAO_idINSTITUICAO, CURSO_idCURSO)
VALUES (6, 10);
INSERT INTO esdb.INSTITUICAO_has_CURSO (INSTITUICAO_idINSTITUICAO, CURSO_idCURSO)
VALUES (7, 1);
INSERT INTO esdb.INSTITUICAO_has_CURSO (INSTITUICAO_idINSTITUICAO, CURSO_idCURSO)
VALUES (7, 2);
INSERT INTO esdb.INSTITUICAO_has_CURSO (INSTITUICAO_idINSTITUICAO, CURSO_idCURSO)
VALUES (7, 3);
INSERT INTO esdb.INSTITUICAO_has_CURSO (INSTITUICAO_idINSTITUICAO, CURSO_idCURSO)
VALUES (7, 4);
INSERT INTO esdb.INSTITUICAO_has_CURSO (INSTITUICAO_idINSTITUICAO, CURSO_idCURSO)
VALUES (7, 5);
INSERT INTO esdb.INSTITUICAO_has_CURSO (INSTITUICAO_idINSTITUICAO, CURSO_idCURSO)
VALUES (8, 6);
INSERT INTO esdb.INSTITUICAO_has_CURSO (INSTITUICAO_idINSTITUICAO, CURSO_idCURSO)
VALUES (8, 7);
INSERT INTO esdb.INSTITUICAO_has_CURSO (INSTITUICAO_idINSTITUICAO, CURSO_idCURSO)
VALUES (8, 8);
INSERT INTO esdb.INSTITUICAO_has_CURSO (INSTITUICAO_idINSTITUICAO, CURSO_idCURSO)
VALUES (8, 9);
INSERT INTO esdb.INSTITUICAO_has_CURSO (INSTITUICAO_idINSTITUICAO, CURSO_idCURSO)
VALUES (8, 10);
INSERT INTO esdb.INSTITUICAO_has_CURSO (INSTITUICAO_idINSTITUICAO, CURSO_idCURSO)
VALUES (9, 1);
INSERT INTO esdb.INSTITUICAO_has_CURSO (INSTITUICAO_idINSTITUICAO, CURSO_idCURSO)
VALUES (9, 2);
INSERT INTO esdb.INSTITUICAO_has_CURSO (INSTITUICAO_idINSTITUICAO, CURSO_idCURSO)
VALUES (9, 3);
INSERT INTO esdb.INSTITUICAO_has_CURSO (INSTITUICAO_idINSTITUICAO, CURSO_idCURSO)
VALUES (9, 4);
INSERT INTO esdb.INSTITUICAO_has_CURSO (INSTITUICAO_idINSTITUICAO, CURSO_idCURSO)
VALUES (9, 5);

INSERT INTO esdb.PROJETOS(idPROJETOS, nome, data_inicio, DEPARTAMENTO_idDEPARTAMENTO)

VALUES (1,'meninas.comp', '10/01/2014', '1');

INSERT INTO esdb.PROJETOS(idPROJETOS, nome, data_inicio, DEPARTAMENTO_idDEPARTAMENTO)

VALUES (2,'tôde olho', '01/10/2018', '1');

INSERT INTO esdb.PROJETOS(idPROJETOS, nome, data_inicio, DEPARTAMENTO_idDEPARTAMENTO)

VALUES (3,'Matemática na Escola', '01/10/2018', '10');

INSERT INTO esdb.PROJETOS(idPROJETOS, nome, data_inicio, DEPARTAMENTO_idDEPARTAMENTO)

VALUES (4,'Psicologia Alunos Unb', '01/10/2018', '8');

INSERT INTO esdb.PROJETOS(idPROJETOS, nome, data_inicio, DEPARTAMENTO_idDEPARTAMENTO)

VALUES (5,'médicos 1', '01/10/2018', '8');

INSERT INTO esdb.PROJETOS(idPROJETOS, nome, data_inicio, DEPARTAMENTO_idDEPARTAMENTO)

VALUES (6,'médicos', '01/10/2018', '2');


INSERT INTO esdb.PROFESSORES(matricula, nome, area_atuacao, DEPARTAMENTO_idDEPARTAMENTO)

VALUES (001,'Maristela Holanda', 'Banco de Dados', '1');

INSERT INTO esdb.PROFESSORES(matricula, nome, area_atuacao, DEPARTAMENTO_idDEPARTAMENTO)

VALUES (002,'Alexandre Zagt', 'Processamento de Imagens', '1');

INSERT INTO esdb.PROFESSORES(matricula, nome, area_atuacao, DEPARTAMENTO_idDEPARTAMENTO)

VALUES (003,'Bruno', 'Sistemas', '1');

INSERT INTO esdb.PROFESSORES(matricula, nome, area_atuacao, DEPARTAMENTO_idDEPARTAMENTO)

VALUES (004,'VIdal', 'Organização de arquivos', '1');

INSERT INTO esdb.PROFESSORES(matricula, nome, area_atuacao, DEPARTAMENTO_idDEPARTAMENTO)

VALUES (005,'João', 'Cirurgia', '8');

INSERT INTO esdb.PROFESSORES(matricula, nome, area_atuacao, DEPARTAMENTO_idDEPARTAMENTO)

VALUES (006,'José', 'Cirurgia 2', '8');

INSERT INTO esdb.METODO_INGRESSO(idMETODO_INGRESSO, nome, sem_ingresso, num_vagas)

VALUES (1,'Enem', '1', '40');

INSERT INTO esdb.METODO_INGRESSO(idMETODO_INGRESSO, nome, sem_ingresso, num_vagas)

VALUES (2,'Enem', '1', '40');

INSERT INTO esdb.METODO_INGRESSO(idMETODO_INGRESSO, nome, sem_ingresso, num_vagas)

VALUES (3,'Vestibular', '2', '40');

INSERT INTO esdb.METODO_INGRESSO(idMETODO_INGRESSO, nome, sem_ingresso, num_vagas)

VALUES (4,'PAS', '1', '40');



INSERT INTO esdb.METODO_INGRESSO(idMETODO_INGRESSO, nome, sem_ingresso, num_vagas)

VALUES (5,'PAS', '1', '40');


INSERT INTO esdb.TIPO_VAGAS(idTIPO_VAGAS, nome, numero_vagas)

VALUES (1,'Negros', '40');

INSERT INTO esdb.TIPO_VAGAS(idTIPO_VAGAS, nome, numero_vagas)

VALUES (2,'Baixa Renda', '40');

INSERT INTO esdb.TIPO_VAGAS(idTIPO_VAGAS, nome, numero_vagas)

VALUES (3 ,'Escola Pública', '40');

INSERT INTO esdb.TIPO_VAGAS(idTIPO_VAGAS, nome, numero_vagas)

VALUES (4 ,'Universal', '40');



INSERT INTO esdb.INSTITUICAO_has_METODO_INGRESSO(INSTITUICAO_idINSTITUICAO, METODO_INGRESSO_has_idMETODO_INGRESSO)

VALUES (1,1);

INSERT INTO esdb.INSTITUICAO_has_METODO_INGRESSO(INSTITUICAO_idINSTITUICAO, METODO_INGRESSO_has_idMETODO_INGRESSO)

VALUES (1,2);

INSERT INTO esdb.INSTITUICAO_has_METODO_INGRESSO(INSTITUICAO_idINSTITUICAO, METODO_INGRESSO_has_idMETODO_INGRESSO)

VALUES (1,3);



INSERT INTO esdb.INSTITUICAO_has_METODO_INGRESSO(INSTITUICAO_idINSTITUICAO, METODO_INGRESSO_has_idMETODO_INGRESSO)

VALUES (1,4);


INSERT INTO esdb.METODO_INGRESSO_has_TIPO_VAGA(TIPO_VAGA_idTIPO_VAGA, METODO_INGRESSO_has_idMETODO_INGRESSO)

VALUES (1,1);

INSERT INTO esdb.METODO_INGRESSO_has_TIPO_VAGA(TIPO_VAGA_idTIPO_VAGA, METODO_INGRESSO_has_idMETODO_INGRESSO)

VALUES (1,2);

INSERT INTO esdb.METODO_INGRESSO_has_TIPO_VAGA(TIPO_VAGA_idTIPO_VAGA, METODO_INGRESSO_has_idMETODO_INGRESSO)

VALUES (1,3);

INSERT INTO esdb.METODO_INGRESSO_has_TIPO_VAGA(TIPO_VAGA_idTIPO_VAGA, METODO_INGRESSO_has_idMETODO_INGRESSO)

VALUES (1,4);

INSERT INTO esdb.METODO_INGRESSO_has_TIPO_VAGA(TIPO_VAGA_idTIPO_VAGA, METODO_INGRESSO_has_idMETODO_INGRESSO)

VALUES (2,1);

INSERT INTO esdb.METODO_INGRESSO_has_TIPO_VAGA(TIPO_VAGA_idTIPO_VAGA, METODO_INGRESSO_has_idMETODO_INGRESSO)

VALUES (2,2);

INSERT INTO esdb.METODO_INGRESSO_has_TIPO_VAGA(TIPO_VAGA_idTIPO_VAGA, METODO_INGRESSO_has_idMETODO_INGRESSO)

VALUES (2,3);

INSERT INTO esdb.METODO_INGRESSO_has_TIPO_VAGA(TIPO_VAGA_idTIPO_VAGA, METODO_INGRESSO_has_idMETODO_INGRESSO)

VALUES (2,4);